<?xml version="1.0" encoding="UTF-8"?>
<project-private xmlns="http://www.netbeans.org/ns/project-private/1">
    <editor-bookmarks xmlns="http://www.netbeans.org/ns/editor-bookmarks/2" lastBookmarkId="0"/>
    <open-files xmlns="http://www.netbeans.org/ns/projectui-open-files/2">
        <group>
            <file>file:/home/edgar/Mestrado/Ambientes%20Inteligentes/QSabe/Source/qsabe/public/js/qsabe.js</file>
            <file>file:/home/edgar/Mestrado/Ambientes%20Inteligentes/QSabe/Source/qsabe/app/views/layout.blade.php</file>
            <file>file:/home/edgar/Mestrado/Ambientes%20Inteligentes/QSabe/Source/qsabe/public/css/qsabe.css</file>
        </group>
    </open-files>
</project-private>
